Code,Name,Location,Regional_Style,Period,Form,Body_Shape,Soundbox_Chamber_Count,Waist_Presence,Neck_Length,Neck_Width,Body_Neck_Boundary,Head_Angle,Pegbox Presence,Maximum_String_Count,Soundhole_Count,Soundhole_Shape,Obvious_Fret,Obvious_Plectrum,Obvious_Pickguard,Code,Collection,Source_Type_1,Citation_1,Source_Type_2,Citation_2,Source_Type_3,Citation_3,Source_Type_4,Citation_4
AD-01,Andan Dheri Long Neck Lute,Andan Dheri,Gandhara,100-500 CE,Relief,round,single,no,long,parallel,perpendicular,straight,no,4,0,n,FALSE,TRUE,FALSE,AD-01,Dir Museum,literature,"Galli, 2011, p. 318",,,,,,
AF-01,Afrasiab Lute Player,Afrasiab,Bactria,0-100 CE,Figurine,round,single,no,short,parallel,perpendicular,n,n,4,0,n,FALSE,TRUE,FALSE,AF-01,State Hermitage Museum,literature,https://sogdians.si.edu/sidebars/retracing-the-sounds-of-sogdiana-sogdian-music-and-musical-instruments-in-central-asia-and-china/,catalogue,"World Society for the Study, 2020c. p. 139",catalogue,"Besseler & Schneider, 1987, p. 93",,
AJ-01,"Kinnara with Kachchapa Veena,_part_of_the_Bodhisattva_Padmapani Cave_1 Ajanta",Ajanta,Deccan,450-490 CE,Painting,waterdrop,single,no,short,parallel,smooth,straight,no,5,0,n,FALSE,TRUE,FALSE,AJ-01,in_situ,online_gallery,"https://en.wikipedia.org/wiki/File:Kinnara_with_kachchapa_veena,_part_of_the_Bodhisattva_Padmapani,_Cave_1,_Ajanta,_India.jpg",catalogue,"Besseler & Schneider, 1981, p. 173",,,,
AK-01,Angka Kala Lutenist,Angka Kala,Bactria,0-100 CE,Figurine,rectangular,single,no,short,n,n,n,n,n,0,n,FALSE,FALSE,FALSE,AK-01,State Hermitage Museum,catalogue,"The World Society for the Study, 2020a, p. 348 ",,,,,,
AM-01,Life Scenes of Buddha with Musicians,Amaravati ,Deccan,200-300 CE,Relief,waterdrop,single,no,short,tapering,smooth,straight,yes,5,2,n,FALSE,FALSE,FALSE,AM-01,"Indian Museum, Kolkata",online_gallery,https://commons.wikimedia.org/wiki/File:27.4._Life_scenes_of_Buddha-2nd_century_CE-Limestone-Amravati-Andhra_Pradesh-Sculpture_Gallery-Indian_Museum-Kolkata-_A1-A25070.jpg,catalogue,https://www.soundsofangkor.org/english/ancient-music/lute/ soundsofangkor.org,catalogue,"Besseler & Schneider, 1981, p. 101",,
AT-01,Ayrtam Frieze ,Ayrtam,Bactria,200-300 CE,Relief,rectangular,single,yes,short,n,obtuse,n,n,4,4,crescent,FALSE,TRUE,FALSE,AT-01,Russia?,catalogue,"The World Society for the Study, 2020c, pp. 126-129 ",,,,,,
AY-01,Anyang Fancui Grave Sogdian Lute Player,Anyang,Sogdian,575 CE,Vessel,waterdrop,single,no,short,tapering,smooth,straight,yes,5,0,n,FALSE,FALSE,FALSE,AY-01,Henan Museum,online_collection,https://www.chnmus.net/ch/collection/appraise/details.html?id=512151357700927565,catalogue,"World Society for the Study, 2021. p. 432",literature,"Muradova, 2017",,
AY-02,Anyang Funerary Bed Lute 1,Anyang,Sogdian,550–577 CE,Relief,ovoid,single,no,short,tapering,smooth,bent_backwards,yes,4,2,crescent,FALSE,TRUE,FALSE,AY-02,Smithsonian: National Museum of Asian Art,online_collection,https://sogdians.si.edu/anyang-funerary-bed/,online_collection,https://sogdians.si.edu/sidebars/retracing-the-sounds-of-sogdiana-sogdian-music-and-musical-instruments-in-central-asia-and-china/,,,,
AY-03,Anyang Funerary Bed Lute 2,Anyang,Sogdian,550–577 CE,Relief,waterdrop,single,no,short,tapering,smooth,straight,yes,5,0,n,FALSE,TRUE,FALSE,AY-03,Smithsonian: National Museum of Asian Art,online_collection,https://sogdians.si.edu/anyang-funerary-bed/,online_collection,https://sogdians.si.edu/sidebars/retracing-the-sounds-of-sogdiana-sogdian-music-and-musical-instruments-in-central-asia-and-china/,,,,
AY-04,Anyang Zhangsheng Tomb Female Musician with a Lute,Anyang,China,594 CE,Figurine,ovoid,single,no,short,parallel,obtuse,straight,yes,3,0,n,FALSE,FALSE,FALSE,AY-04,The Metropolitan Museum of Art,online_collection,https://www.metmuseum.org/art/collection/search/62948,,,,,,
AY-05,Anyang Zhangsheng Tomb Lute 1,Anyang,China,594 CE,Figurine,ovoid,single,no,short,parallel,obtuse,bent_backwards,yes,4,0,n,TRUE,TRUE,TRUE,AY-05,Henan Museum,online_collection,https://www.chnmus.net/ch/collection/appraise/details.html?id=512157282454020857,,,,,,
AY-06,Anyang Zhangsheng Tomb Lute 2,Anyang,China,594 CE,Figurine,waterdrop,single,no,short,parallel,smooth,straight,yes,n,0,n,TRUE,TRUE,TRUE,AY-06,Henan Museum,online_collection,https://www.chnmus.net/ch/collection/appraise/details.html?id=512157282454020857,,,,,,
BY-01,Beshyar Lute Player,Beshyar,Tarim_Basin,700-800 CE,Painting,waterdrop,single,no,short,tapering,smooth,bent_backwards,yes,4,2,crescent,FALSE,TRUE,FALSE,BY-01,Japan?,catalogue,"General Editorial Board of The Great Series of Chinese Musical Artifacts, 1999, p. 190",,,,,,
BZ-01,Bezeklik 16 Lute,Bezeklik,Tarim_Basin,800-900 CE,Painting,ovoid,single,no,short,parallel,smooth,bent_backwards,yes,4,2,crescent,TRUE,TRUE,TRUE,BZ-01,in_situ,catalogue,"General Editorial Board of The Great Series of Chinese Musical Artifacts, 1999, pp. 161-162",,,,,,
CD-01,Chengdu Figurine with Lute,Chengdu,China,965 CE,Figurine,ovoid,single,no,short,parallel,obtuse,bent_backwards,yes,4,2,crescent,FALSE,TRUE,FALSE,CD-01,Sichuan Museum,online_collection,https://cdmuseum.com/xinwen/202011/1476.html,literature,"Chengdu Institute of Cultural Relics and Archaeology, 2024, pp. 134-139",,,,
CN-01,Cavalière-musicienne,? China,China,600-800 CE,Figurine,round,single,no,short,parallel,obtuse,straight,no,2,0,n,FALSE,FALSE,FALSE,CN-01,Musée Cernuschi,online_collection,https://www.parismuseescollections.paris.fr/fr/musee-cernuschi/oeuvres/cavaliere-musicienne-3#infos-principales,,,,,,
CN-02,Sui Dynasty Female Musician with a Lute on a Horse,? China,China,581–618 CE,Figurine,ovoid,single,no,short,parallel,obtuse,straight,yes,4,0,n,FALSE,FALSE,FALSE,CN-02,The Palace Museum,online_collection,https://intl.dpm.org.cn/Sculpture/97994.html,,,,,,
CN-03,Tang Figurine with Pipa,? China,China,618-907 CE,Figurine,ovoid,single,no,short,parallel,obtuse,straight,yes,3,0,n,FALSE,FALSE,FALSE,CN-03,The Palace Museum,online_collection,https://www.dpm.org.cn/collection/sculpture/230954.html,,,,,,
CN-04,Hunan Miho Lute Player Figurine 1,? China,China,600-650 CE,Figurine,ovoid,single,no,short,tapering,smooth,bent_backwards,yes,4,2,crescent,FALSE,TRUE,FALSE,CN-04,Miho Museum,literature,"Muradova,2017, p. 14",,,,,,
CN-05,Hunan Miho Lute Player Figurine 2,? China,China,600-650 CE,Figurine,waterdrop,single,no,short,parallel,obtuse,straight,yes,5,2,crescent,FALSE,TRUE,FALSE,CN-05,Miho Museum,literature,"Muradova,2017, p. 14",,,,,,
CN-06,MET Tang Lute Player Figurine,? China,China,650-700 CE,Figurine,ovoid,single,no,short,tapering,smooth,n,n,4,2,crescent,FALSE,TRUE,FALSE,CN-06,The Metropolitan Museum of Art,online_collection,https://www.metmuseum.org/art/collection/search/44801,,,,,,
DV-01,Dalverzintepa Headless Luter Playe Figurine,Dalverzintepa,Bactria,200-400 CE,Figurine,waterdrop,single,no,short,tapering,smooth,straight,n,3,0,n,FALSE,TRUE,FALSE,DV-01,Uzbekistan?,literature,"Muradova,2017, p. 13",,,,,,
DV-02,Dalverzintepa Lute Player Figurine,Dalverzintepa,Bactria,100-300 CE,Figurine,waterdrop,single,no,short,tapering,smooth,straight,n,n,0,n,FALSE,TRUE,FALSE,DV-02,Uzbekistan?,literature,"Muradova,2017, p. 13",,,,,,
GC-01,Gaochang Lute,Gaochang,Tarim_Basin,800-900 CE,Painting,waterdrop,single,no,short,tapering,smooth,n,n,4,2,crescent,FALSE,TRUE,TRUE,GC-01,Ethnologisches Museum Berlin,catalogue,"General Editorial Board of The Great Series of Chinese Musical Artifacts, 1999, p. 191",,,,,,
GD-01,King Musicians and Dancers Original,? Gandhara,Gandhara,?,Relief,waterdrop,single,no,short,tapering,smooth,straight,yes,2,2,ring,FALSE,TRUE,FALSE,GD-01,Musée Guimet,online_gallery,https://photodharma.net/Gandhara/10-Musee-Guimet/index.htm,literature,"Curt Sachs,1940, p. 160",literature,"Siddiqui, 2021, p. 107 ",catalogue,"(Besseler & Schneider, 1981, p. 141)"
GD-02,Lautenspieler 1,? Gandhara,Gandhara,0-300 CE,Relief,waterdrop,single,yes,short,tapering,smooth,straight,yes,4,2,crescent,FALSE,TRUE,FALSE,GD-02,Staatliche Museen zu Berlin,online_collection,https://recherche.smb.museum/detail/2034321/zweiszeniger-fries-fragment-staubspende-links--szenentrenner-lautenspieler-rechts,,,,,,
GD-03,Lautenspieler 2,? Gandhara,Gandhara,0-300 CE,Relief,rectangular,single,yes,short,parallel,obtuse,straight,yes,2,0,n,FALSE,TRUE,FALSE,GD-03,Staatliche Museen zu Berlin,online_collection,https://recherche.smb.museum/detail/2299854/schmuckfries-fragment-yaksha-eroten-mit-musikinstrument-links-unidentifiziert-rechts-unter-chaitya-bogen,,,,,,
GD-04,Gandhara rilievo con suonatrice di liuto e danzatori,? Gandhara,Gandhara,100-400 CE,Statue,waterdrop,single,no,short,parallel,obtuse,straight,yes,4,2,crescent,FALSE,TRUE,FALSE,GD-04,Museo Delle Civiltà,online_collection,https://www.museodellecivilta.it/collezioni/arti-e-culture-asiatiche/,online_gallery,"https://en.wikipedia.org/wiki/File:Gandhara,_rilievo_con_suonatrice_di_liuto_e_danzatori,_ii-iv_sec.JPG",online_collection,https://iconographic.warburg.sas.ac.uk/object-wpc-wid-ekvm,,
GD-05,British Museum Scene with Musicians,? Gandhara,Gandhara,100-300 CE,Relief,gourd,double,yes,short,parallel,obtuse,straight,yes,5,0,n,FALSE,FALSE,FALSE,GD-05,British Museum,online_collection,https://iconographic.warburg.sas.ac.uk/object-wpc-wid-ekvl,catalogue,"Besseler & Schneider, 1981, p. 140",,,,
GD-06,Sitting Lute Player,? Gandhara,Gandhara,?,Statue,waterdrop,single,no,short,parallel,smooth,straight,yes,4,2,crescent,FALSE,FALSE,FALSE,GD-06,?,literature,"Nawaz, 2025, p. 976",,,,,,
GD-07,Nereus Playing Lute,? Gandhara,Gandhara,0-300 CE,Relief,gourd,double,yes,short,parallel,obtuse,straight,yes,2,4,crescent,FALSE,FALSE,FALSE,GD-07,Shaanxi History Museum,online_gallery,"https://en.wikipedia.org/wiki/File:Nereus_Playing_Lute,_1st-3rd_Cent._AD.jpg",,,,,,
GD-08,Angle Playing Lute,? Gandhara,Gandhara,?,Relief,round,single,no,short,parallel,obtuse,straight,yes,4,2,crescent,FALSE,FALSE,FALSE,GD-08,?,online_gallery,https://art.icity.ly/events/uewjdmd,,,,,,
HD-01,Hadda Banquet Lute Player,Hadda,Gandhara,0-200 CE,Relief,ellipsoid,single,no,short,parallel,obtuse,straight,yes,2,2,crescent,FALSE,TRUE,FALSE,HD-01,?,online_gallery,https://commons.wikimedia.org/wiki/File:Indo-GreekBanquet.JPG#/media/File:Indo-GreekBanquet.JPG,catalogue,"Besseler & Schneider, 1981, p. 145",,,,
HD-02,Hadda Lute Player,Hadda,Gandhara,100-400 CE,Relief,waterdrop,single,no,n,n,n,n,n,4,0,n,FALSE,TRUE,FALSE,HD-02,National Museum of Afghanistan,online_collection,https://haddaarcheodb.com/objet/buste-de-musicien-en-position-d-atlante-1,,,,,,
HD-03,Hadda Lute Player in British Musuem,Hadda,Gandhara,100-300 CE,Relief,waterdrop,single,no,short,parallel,obtuse,straight,n,n,0,n,FALSE,FALSE,FALSE,HD-03,British Museum,online_collection,https://www.britishmuseum.org/collection/object/A_1903-0622-1,,,,,,
HD-04,Hadda musicians,Hadda,Gandhara,100-400 CE,Relief,waterdrop,single,yes,short,parallel,obtuse,straight,yes,4,4,n,FALSE,TRUE,FALSE,HD-04,Musée Guimet,online_collection,https://haddaarcheodb.com/objet/presentation-aux-temples-brahmaniques-apsaras,,,,,,
HN-01,Hanikatamu Lute,Hanikatamu,Tarim_Basin,600-700 CE,Relief,waterdrop,single,no,short,tapering,smooth,straight,yes,3,0,n,FALSE,FALSE,FALSE,HN-01,Hotan Prefecture Cultural Relics Management Office,literature,"General Editorial Board of The Great Series of Chinese Musical Artifacts, 1999, p. 195",,,,,,
IR-01,Sassanian Lute Player on a Silver Bowl,? Iran,Sassanian,500-600CE,Vessel,waterdrop,single,no,short,tapering,smooth,straight,n,n,0,n,FALSE,TRUE,FALSE,IR-01,?,literature,"Dzhani-zade, 2006, p. 133",,,,,,
IR-02,Sassanian Lute Player on a Silver Teapot,? Iran,Sassanian,700-800 CE,Vessel,ovoid,single,no,short,parallel,smooth,bent_backwards,yes,4,2,crescent,FALSE,TRUE,FALSE,IR-02,?,literature,"Dzhani-zade, 2006, p. 134",,,,,,
IR-03,Sassanian Rebab Player,? Iran,Sassanian,400-600 CE,Vessel,rhombic,single,yes,short,parallel,obtuse,straight,n,2,0,n,FALSE,FALSE,FALSE,IR-03,The Metropolitan Museum of Art,online_collection,https://www.metmuseum.org/art/collection/search/325650,,,,,,
IR-04,Sasanian Plate with Lute Player,? Iran,Sassanian,400-700 CE,Vessel,ovoid,single,no,short,parallel,obtuse,straight,no,2,2,crescent,FALSE,FALSE,FALSE,IR-04,Smithsonian: National Museum of Asian Art,online_collection,https://ids.si.edu/ids/deliveryService?id=FS-F1964.10_001&max_w=800,literature,"de Zeeuw, 2019, p. 11 ",,,,
JM-01,"Jamal Garhi Stair-riser with Luter Player, British Museum",Jamal Garhi,Gandhara,100-300 CE,Relief,waterdrop,single,no,short,tapering,smooth,straight,n,4,2,ring,FALSE,FALSE,FALSE,JM-01,British Museum,online_collection,https://www.britishmuseum.org/collection/object/A_1880-40,,,,,,
JM-02,Jamal Garhi Stair-riser Banquet,Jamal Garhi,Gandhara,100-300 CE,Relief,waterdrop,single,no,short,parallel,obtuse,straight,n,n,0,n,FALSE,FALSE,FALSE,JM-02,British Museum,online_collection,https://www.britishmuseum.org/collection/object/A_1880-33,catalogue,"(Besseler & Schneider, 1981, p. 145)",,,,
JM-03,Jamal Garhi Stair-riser Banquet,Jamal Garhi,Gandhara,100-300 CE,Relief,ovoid,single,no,short,parallel,obtuse,straight,n,n,0,n,FALSE,FALSE,FALSE,JM-03,British Museum,online_collection,https://www.britishmuseum.org/collection/image/149029001,,,,,,
JQ-01,Jiuquan Dingjiazha Lute,Jiuquan,China,304-439 CE,Painting,ovoid,single,no,short,parallel,obtuse,straight,yes,4,2,crescent,TRUE,FALSE,FALSE,JQ-01,in_situ,literature,"Gao, 2008, p. 8",,,,,,
JX-01,Jinxian Horse Rider with Lute,Jinxian Xi'an,China,618-907 CE,Figurine,ovoid,single,no,short,tapering,smooth,n,n,n,2,crescent,FALSE,FALSE,TRUE,JX-01,Henan Museum,online_collection,https://www.chnmus.net/ch/collection/appraise/details.html?id=512157604994293381,,,,,,
KC-01,Khalchayan Bust of a Girl with a Lute,Khalchayan,Bactria,100 BC-100 CE,Statue,waterdrop,single,no,n,n,n,n,n,n,n,n,FALSE,FALSE,FALSE,KC-01,State Museum of Arts of Uzbekistan,catalogue,"The World Society for the Study, 2020b, p. 90",catalogue,"Besseler & Schneider, 1987, p. 75",,,,
KG-01,Kizilgaha 30 Lute,Kizilgaha,Tarim_Basin,600-700 CE,Painting,waterdrop,single,no,short,tapering,smooth,straight,yes,4,0,n,FALSE,TRUE,FALSE,KG-01,in_situ,catalogue,"General Editorial Board of The Great Series of Chinese Musical Artifacts, 1999, p. 193",,,,,,
KK-01,Kanka Lute Player,Kanka,Bactria,400-500 CE,Relief,ovoid,single,no,short,tapering,obtuse,n,n,2,2,ring,FALSE,TRUE,FALSE,KK-01,?,literature,"Dzhani-zade, 2006, p. 133",catalogue,"Besseler & Schneider, 1987, p. 139",,,,
KM-01,Kumutula 13 Lute,Kumutula,Tarim_Basin,700-800 CE,Painting,round,single,no,short,parallel,perpendicular,bent_backwards,n,4,0,n,FALSE,FALSE,TRUE,KM-01,in_situ,catalogue,"General Editorial Board of The Great Series of Chinese Musical Artifacts, 1999, p. 125",,,,,,
KM-02,Kumutula 58 Lute 1,Kumutula,Tarim_Basin,700-800 CE,Painting,waterdrop,single,no,short,tapering,smooth,bent_backwards,yes,4,0,n,FALSE,FALSE,FALSE,KM-02,in_situ,catalogue,"General Editorial Board of The Great Series of Chinese Musical Artifacts, 1999, p. 134",,,,,,
KM-03,Kumutula 58 Lute 2,Kumutula,Tarim_Basin,700-800 CE,Painting,waterdrop,single,no,short,tapering,smooth,bent_backwards,yes,5,0,n,FALSE,FALSE,FALSE,KM-03,in_situ,catalogue,"General Editorial Board of The Great Series of Chinese Musical Artifacts, 1999, p. 136",,,,,,
KN-01,"Monkey Playing Lute, in Russia",Khotan,Tarim_Basin,100-300 CE,Figurine,waterdrop,single,no,short,tapering,smooth,straight,n,4,4,ring,FALSE,TRUE,FALSE,KN-01,?,literature,"Dzhani-zade, 2006, p. 132",catalogue,"Besseler & Schneider, 1987, p. 147",,,,
KP-01,Khantepa Long Neck Lute ,Khantepa,Transoxiana,500-650 CE,Relief,spade,single,no,long,parallel,smooth,straight,n,3,0,n,FALSE,TRUE,FALSE,KP-01,?,literature,"Muradova,2017, p. 13",,,,,,
KR-01,Kampyrtepa Lute Player Figurine,Kampyrtepa,Bactria,0-200 CE,Figurine,round,single,no,short,parallel,perpendicular,straight,n,7,0,n,FALSE,FALSE,FALSE,KR-01,?,literature,"Muradova,2017, p. 13",,,,,,
KZ-01,Kizil 8 ,Kizil,Tarim_Basin,600-700 CE,Painting,waterdrop,single,no,short,tapering,smooth,straight,yes,5,0,n,FALSE,FALSE,FALSE,KZ-01,in_situ,catalogue,"General Editorial Board of The Great Series of Chinese Musical Artifacts, 1999, p. 29",,,,,,
KZ-02,Kizil 14 Lute1,Kizil,Tarim_Basin,500-600 CE,Painting,waterdrop,single,no,short,tapering,smooth,straight,yes,5,0,n,FALSE,TRUE,FALSE,KZ-02,in_situ,catalogue,"General Editorial Board of The Great Series of Chinese Musical Artifacts, 1999, p. 34",,,,,,
KZ-03,Kizil 14 Lute2,Kizil,Tarim_Basin,500-600 CE,Painting,round,single,no,long,tapering,perpendicular,bent_backwards,yes,4,0,n,FALSE,FALSE,TRUE,KZ-03,in_situ,catalogue,"General Editorial Board of The Great Series of Chinese Musical Artifacts, 1999, p. 34",,,,,,
KZ-04,Kizil 38 Lute1,Kizil,Tarim_Basin,300-400 CE,Painting,round,single,no,long,tapering,perpendicular,bent_backwards,yes,n,0,n,FALSE,FALSE,FALSE,KZ-04,in_situ,catalogue,"General Editorial Board of The Great Series of Chinese Musical Artifacts, 1999, p. 37",,,,,,
KZ-05,Kizil 38 Lute2,Kizil,Tarim_Basin,300-400 CE,Painting,waterdrop,single,no,short,tapering,smooth,straight,yes,3,0,n,FALSE,TRUE,FALSE,KZ-05,in_situ,catalogue,"General Editorial Board of The Great Series of Chinese Musical Artifacts, 1999, p. 38",,,,,,
KZ-06,Kizil 69 Lute,Kizil,Tarim_Basin,500-600 CE,Painting,waterdrop,single,no,short,tapering,smooth,straight,yes,3,0,n,FALSE,FALSE,FALSE,KZ-06,in_situ,catalogue,"General Editorial Board of The Great Series of Chinese Musical Artifacts, 1999, p. 46",,,,,,
KZ-07,Kizil 77 Lute 1,Kizil,Tarim_Basin,300-400 CE,Painting,round,single,no,long,parallel,perpendicular,straight,yes,3,2,ring,FALSE,FALSE,FALSE,KZ-07,in_situ,catalogue,"General Editorial Board of The Great Series of Chinese Musical Artifacts, 1999, p. 50",,,,,,
KZ-08,Kizil 77 Lute 2,Kizil,Tarim_Basin,300-400 CE,Painting,round,single,no,long,parallel,perpendicular,n,n,4,2,spiral,FALSE,TRUE,FALSE,KZ-08,in_situ,catalogue,"General Editorial Board of The Great Series of Chinese Musical Artifacts, 1999, p. 66",,,,,,
KZ-09,Kizil 118 Lute,Kizil,Tarim_Basin,200-300 CE,Painting,round,single,no,long,parallel,perpendicular,straight,yes,4,2,spiral,FALSE,TRUE,FALSE,KZ-09,in_situ,catalogue,"General Editorial Board of The Great Series of Chinese Musical Artifacts, 1999, p. 79",,,,,,
KZ-10,Kizil 123 Lute,Kizil,Tarim_Basin,600-700 CE,Painting,waterdrop,single,no,short,tapering,smooth,straight,yes,5,0,n,FALSE,FALSE,FALSE,KZ-10,in_situ,catalogue,"General Editorial Board of The Great Series of Chinese Musical Artifacts, 1999, p. 85",,,,,,
LR-01,Loriyan Tangai Buddha Playing Lute,Loriyan Tangai,Gandhara,100-300 CE,Relief,waterdrop,single,no,short,tapering,smooth,straight,yes,2,2,ring,FALSE,FALSE,FALSE,LR-01,"Indian Museum, Kolkata",online_gallery,https://photodharma.net/Guests/Kawasaki-Buddhas/index.htm,online_gallery,https://photodharma.net/India/Indian-Museum/index.htm,,,,
MG-01,Mogao 12 Music Scene,Mogao Cave,China,848-906 CE,Painting,ovoid,single,no,short,parallel,obtuse,straight,yes,4,0,n,FALSE,FALSE,TRUE,MG-01,in_situ,catalogue,"Gao, 2008, p. 106",,,,,,
MG-02,Mogao 85 Music Scene Ruan,Mogao Cave,China,848-906 CE,Painting,round,single,no,long,tapering,perpendicular,straight,no,5,0,n,FALSE,TRUE,TRUE,MG-02,in_situ,catalogue,"Gao, 2008, p. 282",,,,,,
MG-03,Mogao 98 Music Scene 1,Mogao Cave,China,907-959 CE,Painting,waterdrop,single,no,short,parallel,smooth,straight,yes,4,0,n,FALSE,TRUE,TRUE,MG-03,in_situ,catalogue,"Gao, 2008, p. 104",,,,,,
MG-04,Mogao 98 Music Scene 2,Mogao Cave,China,907-959 CE,Painting,waterdrop,single,no,short,parallel,smooth,straight,yes,5,0,n,FALSE,TRUE,TRUE,MG-04,in_situ,catalogue,"Gao, 2008, p. 107",,,,,,
MG-05,Mogao 112 Music Scene 1,Mogao Cave,China,781-847 CE,Painting,round,single,no,long,parallel,obtuse,straight,no,n,0,n,FALSE,FALSE,TRUE,MG-05,in_situ,catalogue,"Gao, 2008, p. 76",,,,,,
MG-06,Mogao 112 Music Scene 2,Mogao Cave,China,781-847 CE,Painting,ovoid,single,no,short,parallel,obtuse,straight,yes,4,2,crescent,FALSE,TRUE,TRUE,MG-06,in_situ,catalogue,"Gao, 2008, p. 93",,,,,,
MG-07,Mogao 112 Music Scene 3,Mogao Cave,China,781-847 CE,Painting,round,single,no,long,parallel,obtuse,straight,no,n,0,n,FALSE,FALSE,TRUE,MG-07,in_situ,catalogue,"Gao, 2008, p. 95",,,,,,
MG-08,Mogao 144 Music Scene,Mogao Cave,China,848-906 CE,Painting,ovoid,single,no,short,tapering,smooth,bent_backwards,yes,4,0,n,FALSE,TRUE,TRUE,MG-08,in_situ,catalogue,"Gao, 2008, p. 84",,,,,,
MG-09,Mogao 146 Music Scene,Mogao Cave,China,907-959 CE,Painting,waterdrop,single,no,short,tapering,smooth,bent_backwards,yes,4,0,n,FALSE,TRUE,TRUE,MG-09,in_situ,catalogue,"Gao, 2008, p. 300",,,,,,
MG-10,Mogao 148 Music Scene,Mogao Cave,China,705–780 CE,Painting,waterdrop,single,no,short,tapering,smooth,straight,yes,5,0,n,FALSE,TRUE,TRUE,MG-10,in_situ,catalogue,"Gao, 2008, p. 53",,,,,,
MG-11,Mogao 154 Music Scene,Mogao Cave,China,848-906 CE,Painting,ovoid,single,no,short,n,smooth,n,n,4,2,crescent,FALSE,TRUE,TRUE,MG-11,in_situ,catalogue,"Gao, 2008, p. 116",,,,,,
MG-12,Mogao 156 Music Scene,Mogao Cave,China,848-906 CE,Painting,ovoid,single,no,short,parallel,obtuse,straight,yes,4,0,n,FALSE,TRUE,TRUE,MG-12,in_situ,catalogue,"Gao, 2008, p. 77",,,,,,
MG-13,Mogao 159 Music Scene,Mogao Cave,China,781-847 CE,Painting,ovoid,single,no,short,parallel,smooth,straight,yes,n,2,crescent,FALSE,TRUE,TRUE,MG-13,in_situ,catalogue,"Gao, 2008, p. 149",,,,,,
MG-14,Mogao 161 Music Scene,Mogao Cave,China,848-906 CE,Painting,ovoid,single,no,short,parallel,obtuse,straight,yes,4,0,n,FALSE,TRUE,TRUE,MG-14,in_situ,catalogue,"Gao, 2008, p. 54",,,,,,
MG-15,Mogao 172 Music Scene 1,Mogao Cave,China,705–780 CE,Painting,round,single,no,long,parallel,perpendicular,straight,yes,4,0,n,FALSE,FALSE,TRUE,MG-15,in_situ,catalogue,"Gao, 2008, p. 12",,,,,,
MG-16,Mogao 172 Music Scene 2,Mogao Cave,China,705–780 CE,Painting,waterdrop,single,no,short,tapering,obtuse,straight,yes,5,0,n,FALSE,FALSE,TRUE,MG-16,in_situ,catalogue,"Gao, 2008, p. 65",,,,,,
MG-17,Mogao 172 Music Scene 3,Mogao Cave,China,705–780 CE,Painting,round,single,no,long,parallel,perpendicular,straight,yes,n,0,n,FALSE,FALSE,TRUE,MG-17,in_situ,catalogue,"Gao, 2008, p. 100",,,,,,
MG-18,Mogao 217 Music Scene Ruan,Mogao Cave,China,705–780 CE,Painting,round,single,no,short,parallel,perpendicular,straight,yes,n,0,n,TRUE,FALSE,TRUE,MG-18,in_situ,catalogue,"Gao, 2008, p. 282",,,,,,
MG-19,Mogao 220 Music Scene 1,Mogao Cave,China,618-704 CE,Painting,floral,single,no,short,tapering,perpendicular,bent_backwards,yes,6,0,n,TRUE,FALSE,TRUE,MG-19,in_situ,catalogue,"Gao, 2008, p. 191",,,,,,
MG-20,Mogao 220 Music Scene 2,Mogao Cave,China,618-704 CE,Painting,waterdrop,single,no,short,tapering,smooth,straight,yes,4,2,crescent,TRUE,TRUE,TRUE,MG-20,in_situ,catalogue,"Gao, 2008, p. 43",,,,,,
MG-21,Mogao 228 Music Scene,Mogao Cave,China,535-556 CE,Painting,waterdrop,single,no,short,parallel,smooth,bent_backwards,yes,n,0,n,FALSE,TRUE,FALSE,MG-21,in_situ,catalogue,"Gao, 2008, p. 45",,,,,,
MG-22,Mogao 275 Music Scene,Mogao Cave,China,366-439 CE,Painting,waterdrop,single,no,short,parallel,obtuse,bent_backwards,yes,4,2,ring,FALSE,TRUE,TRUE,MG-22,in_situ,catalogue,"Gao, 2008, p. 42",,,,,,
MG-23,Mogao 285 Music Scene 1,Mogao Cave,China,535-556 CE,Painting,round,single,no,short,parallel,perpendicular,straight,yes,4,0,n,TRUE,FALSE,TRUE,MG-23,in_situ,catalogue,"Gao, 2008, p. 48",,,,,,
MG-24,Mogao 285 Music Scene 2,Mogao Cave,China,535-556 CE,Painting,waterdrop,single,no,short,tapering,smooth,bent_backwards,yes,4,0,n,FALSE,FALSE,FALSE,MG-24,in_situ,catalogue,"Gao, 2008, p. 305",,,,,,
MG-25,Mogao 285 Music Scene 3,Mogao Cave,China,535-556 CE,Painting,waterdrop,single,no,short,tapering,smooth,bent_backwards,yes,5,0,n,FALSE,FALSE,TRUE,MG-25,in_situ,catalogue,"Gao, 2008, p. 305",,,,,,
MG-26,Mogao 297 Music Scene,Mogao Cave,China,557-580 CE,Painting,waterdrop,single,no,short,parallel,smooth,bent_backwards,yes,4,2,crescent,FALSE,FALSE,FALSE,MG-26,in_situ,catalogue,"Gao, 2008, p. 145",,,,,,
MG-27,Mogao 313 Music Scene,Mogao Cave,China,581–618 CE,Painting,waterdrop,single,no,short,tapering,smooth,straight,yes,5,0,n,FALSE,FALSE,FALSE,MG-27,in_situ,catalogue,"Gao, 2008, p. 306",,,,,,
MG-28,Mogao 321 Music Scene,Mogao Cave,China,618-704 CE,Painting,ovoid,single,no,short,tapering,obtuse,straight,yes,5,2,crescent,FALSE,FALSE,TRUE,MG-28,in_situ,catalogue,"Gao, 2008, p. 307",,,,,,
MG-29,Mogao 358 Music Scene,Mogao Cave,China,848-906 CE,Painting,waterdrop,single,no,short,parallel,obtuse,straight,yes,n,0,n,FALSE,TRUE,TRUE,MG-29,in_situ,catalogue,"Gao, 2008, p. 79",,,,,,
MG-30,Mogao 359 Music Scene,Mogao Cave,China,907-959 CE,Painting,waterdrop,single,no,short,parallel,smooth,straight,yes,n,0,n,FALSE,TRUE,TRUE,MG-30,in_situ,catalogue,"Gao, 2008, p. 85",,,,,,
MG-31,Mogao 360 Music Scene,Mogao Cave,China,781-847 CE,Painting,round,single,no,short,tapering,obtuse,n,n,n,0,n,FALSE,TRUE,TRUE,MG-31,in_situ,catalogue,"Gao, 2008, p. 108",,,,,,
MG-32,Mogao 386 Music Scene,Mogao Cave,China,781-847 CE,Painting,waterdrop,single,no,short,parallel,smooth,straight,yes,n,0,n,FALSE,TRUE,TRUE,MG-32,in_situ,catalogue,"Gao, 2008, p. 86",,,,,,
MG-33,Mogao 420 Music Scene,Mogao Cave,China,581–618 CE,Painting,gourd,triple,yes,short,parallel,obtuse,straight,yes,5,0,n,FALSE,FALSE,FALSE,MG-33,in_situ,catalogue,"Gao, 2008, p. 309 ",,,,,,
MG-34,Mogao 423 Music Scene,Mogao Cave,China,581–618 CE,Painting,waterdrop,single,no,short,tapering,smooth,straight,yes,5,0,n,FALSE,FALSE,FALSE,MG-34,in_situ,catalogue,"Gao, 2008, p. 306",,,,,,
MG-35,Mogao 423 Music Scene,Mogao Cave,China,581–618 CE,Painting,gourd,triple,yes,short,parallel,obtuse,straight,yes,n,0,n,FALSE,FALSE,FALSE,MG-35,in_situ,catalogue,"Gao, 2008, p. 309",,,,,,
MG-36,Mogao 428 Music Scene,Mogao Cave,China,557-580 CE,Painting,waterdrop,single,no,short,tapering,smooth,n,n,n,0,n,TRUE,FALSE,FALSE,MG-36,in_situ,catalogue,"Gao, 2008, p. 49",,,,,,
MG-37,Mogao 435 Music Scene,Mogao Cave,China,439-534 CE,Painting,waterdrop,single,no,short,tapering,smooth,bent_backwards,n,n,0,n,FALSE,TRUE,FALSE,MG-37,in_situ,catalogue,"Gao, 2008, p. 43",,,,,,
MJ-01,Maiji 78 Music Scene,Maiji Mountain,China,557-618 CE,Painting,round,single,no,short,tapering,perpendicular,straight,yes,4,0,n,FALSE,FALSE,FALSE,MJ-01,in_situ,catalogue,"Tianshui Maijishan Grottoes Art Research Institute, 1989, p. 13",,,,,,
MJ-02,Maiji 4 Music Scene,Maiji Mountain,China,557-581 CE,Painting,ovoid,single,no,short,tapering,smooth,bent_backwards,yes,4,2,crescent,FALSE,TRUE,FALSE,MJ-02,in_situ,catalogue,"Tianshui Maijishan Grottoes Art Research Institute, 1989, p. 142",,,,,,
MT-01,Lute or Veena Player Mathura Kushan,Mathura,North_India,0-320 CE,Relief,waterdrop,single,no,short,tapering,smooth,n,n,2,0,n,FALSE,TRUE,FALSE,MT-01,Cleveland Museum of Art,online_gallery,"https://commons.wikimedia.org/wiki/File:Lute_or_veena_player,_India,_Mathura,_Kushan_Period_(1st_century-320).jpg",,,,,,
PC-01,Pachal Tepe Lute Player Figure,Pachal Tepe,Bactria,200-400 CE,Relief,rectangular,single,no,short,parallel,obtuse,n,n,3,0,n,FALSE,FALSE,FALSE,PC-01,"State Lenin University, Department of Archaeology",online_gallery,https://sogdians.si.edu/sidebars/retracing-the-sounds-of-sogdiana-sogdian-music-and-musical-instruments-in-central-asia-and-china/,catalogue,"Besseler & Schneider, 1987, p. 93",,,,
PJ-01,Penjikent Lute Player,Penjikent,Transoxiana,500-750 CE,Painting,waterdrop,single,no,short,tapering,smooth,bent_backwards,n,n,0,n,FALSE,TRUE,FALSE,PJ-01,?,literature,"Muradova,2017, p. 13",literature,"Belenitski, 1971, p. 38",literature,"Azarpay, 1981, p. 60",,
PW-01,Pawaya Gupta Lintel,Pawaya,North_India,400-600 CE,Relief,waterdrop,single,no,short,parallel,obtuse,straight,yes,5,2,crescent,FALSE,FALSE,FALSE,PW-01,Gujari Mahal Archeological Museum,online_gallery,https://www.soundsofangkor.org/english/ancient-music/lute/,,,,,,
SB-01,Kucha Box Lute Player,Subasi,Tarim_Basin,500-700 CE,Vessel,waterdrop,single,no,short,parallel,smooth,straight,yes,5,2,crescent,FALSE,FALSE,FALSE,SB-01,Tokyo National Museum,online_collection,https://webarchives.tnm.jp/imgsearch/show/C0055544,,,,,,
SD-01,Sogdian Lutenist,Sogd,Transoxiana,0-100 CE,Figurine,rectangular,single,no,short,parallel,perpendicular,n,n,2,0,n,FALSE,FALSE,FALSE,SD-01,?,catalogue,"The World Society for the Study, 2020a, p. 162",,,,,,
SG-01,Sugakekumu Lute,Sugakekumu,Tarim_Basin,600-800 CE,Relief,waterdrop,single,no,short,tapering,smooth,straight,yes,5,0,n,FALSE,FALSE,FALSE,SG-01,Hotan Prefecture Cultural Relics Management Office,catalogue,"General Editorial Board of The Great Series of Chinese Musical Artifacts, 1999, p. 192",,,,,,
SH-01,Yakshi Playing Lute,Sahr-i Bahlol,Gandhara,400-600 CE,Relief,waterdrop,single,no,short,tapering,obtuse,straight,yes,2,2,crescent,FALSE,FALSE,FALSE,SH-01,Victoria and Albert Museum,online_collection,https://collections.vam.ac.uk/item/O24854/sculpture-sculpture-unknown/,,,,,,
SJ-01,Shengjinkou Lute,Shengjinkou,Tarim_Basin,900-1000 CE,Painting,waterdrop,single,no,short,tapering,smooth,straight,yes,n,2,crescent,TRUE,TRUE,TRUE,SJ-01,Ethnologisches Museum Berlin,catalogue,"General Editorial Board of The Great Series of Chinese Musical Artifacts, 1999, p. 170",,,,,,
SS-01,Simsim 48 Lute,Simsim,Tarim_Basin,500-600 CE,Painting,waterdrop,single,no,short,tapering,smooth,straight,yes,5,0,n,FALSE,FALSE,FALSE,SS-01,in_situ,catalogue,"General Editorial Board of The Great Series of Chinese Musical Artifacts, 1999, p. 148",,,,,,
ST-01,Shotorak Lute Player,Shotorak,Tarim_Basin,100-300 CE,Relief,gourd,double,yes,short,parallel,obtuse,straight,yes,n,0,n,FALSE,TRUE,FALSE,ST-01,?,literature,"Tissot, 2006, p. 328",,,,,,
SW-01,Swat Bracket with Two Musicians,Swat,Gandhara,100-200 CE,Statue,ovoid,single,no,short,parallel,obtuse,straight,yes,4,4,crescent,FALSE,TRUE,FALSE,SW-01,Cleveland Museum of Art,online_collection,https://www.clevelandart.org/art/1980.15,,,,,,
SW-02,Swat Five Celestial Musicians,Swat,Gandhara,300-500 CE,Statue,waterdrop,single,no,short,tapering,smooth,n,n,3,0,n,FALSE,TRUE,FALSE,SW-02,Los Angeles County Museum of Art,online_collection,https://collections.lacma.org/node/2262795?,,,,,,
SW-03,Swat Figura di suonatore,Swat,Gandhara,0-100 CE,Statue,gourd,double,yes,short,parallel,obtuse,n,n,2,4,ring,FALSE,FALSE,FALSE,SW-03,Galleria d’Arte Moderna Torino,online_collection,https://www.maotorino.it/en/archivio-catalogo/figura-di-suonatore/,catalogue,"Besseler & Schneider, 1981, p. 157",,,,
SW-04,Swat Two Boy Musicians,Swat,Gandhara,?,Figurine,ovoid,single,no,n,n,obtuse,n,n,4,4,ring,FALSE,TRUE,FALSE,SW-04,Peshwar Museum,literature,"Khan, 2015, p. 204",,,,,,
SY-01,Shouyang North Qi Standing Pipa Player,Shouyang,China,550–577 CE,Figurine,ovoid,single,no,short,n,obtuse,n,n,n,2,crescent,FALSE,FALSE,TRUE,SY-01,National Museum of China,online_collection,https://www.chnmuseum.cn/zp/zpml/kgfjp/202111/t20211111_252114.shtml,online_gallery,https://www.flickr.com/photos/101561334@N08/9832735686/in/photostream/,,,,
TB-01,Takht-i-Bahi Musical Scene 1,Takht-i-Bahi,Gandhara,100-200 CE,Relief,waterdrop,single,no,short,parallel,obtuse,straight,yes,2,0,n,FALSE,FALSE,FALSE,TB-01,Victoria and Albert Museum,online_collection,https://collections.vam.ac.uk/item/O85641/fragment-relief-unknown/,,,,,,
TB-02,Takht-i-Bahi  Musical Scene 2,Takht-i-Bahi,Gandhara,100-300 CE,Relief,gourd,double,yes,short,parallel,obtuse,straight,yes,4,0,n,FALSE,FALSE,FALSE,TB-02,Peshwar Museum,catalogue,https://cdn1.shenzhenmuseum.com/userfiles/uploadFile/20240428082625.pdf,,,,,,
TM-01,Termez Headless Lute Player Figurine,Termez,Bactria,200-400 CE,Figurine,round,single,no,short,parallel,perpendicular,straight,yes,2,2,ring,FALSE,FALSE,FALSE,TM-01,?,literature,"Muradova,2017, p. 13",,,,,,
TY-01,Xu Xianxiu Tomb,Taiyuan,China,571 CE,Painting,waterdrop,single,no,short,tapering,smooth,bent_backwards,yes,4,2,crescent,FALSE,TRUE,FALSE,TY-01,Shanxi Museum,literature,"Li, 2016, p. 20",,,,,,
XA-01,Anqie Sogdian Tomb,Xi'an,Sogdian,579 CE,Relief,waterdrop,single,no,short,tapering,smooth,bent_backwards,yes,n,0,n,FALSE,TRUE,FALSE,XA-01,Smithsonian: National Museum of Asian Art,literature,"Zhou, 2009, p. 329",online_collection,https://sogdians.si.edu/an-qies-funerary-bed/,,,,
XA-02,Camel with Sogdian Musicians,Xi'an,Sogdian,723 CE,Figurine,ovoid,single,no,short,tapering,smooth,straight,yes,n,0,n,FALSE,FALSE,TRUE,XA-02,National Museum of China,online_gallery,https://sogdians.si.edu/the-sogdians-abroad/,online_gallery,https://commons.wikimedia.org/wiki/File:Tang_Sancai_Porcelain_with_Musicians_on_a_Camel_%28no_background%29.jpg,,,,
XA-03,Chang'an Lute Player,Xi'an,Sogdian,500-600 CE,Relief,ovoid,single,no,short,tapering,smooth,bent_backwards,yes,4,2,crescent,FALSE,TRUE,FALSE,XA-03,?,literature,"Muradova,2017, p. 14",,,,,,
XA-04,Mural Musician Figurines,Xi'an,China,618-907 CE,Figurine,ovoid,single,no,short,tapering,smooth,straight,yes,n,0,n,FALSE,FALSE,TRUE,XA-04,National Museum of China,online_collection,https://www.chnmuseum.cn/zp/zpml/kgfjp/202111/t20211116_252264.shtml,,,,,,
XA-05,Shi Jun Tomb,Xi'an,Sogdian,580 CE,Relief,waterdrop,single,no,short,tapering,smooth,bent_backwards,yes,4,0,n,FALSE,TRUE,FALSE,XA-05,Smithsonian: National Museum of Asian Art,online_gallery,https://sogdians.si.edu/shi-juns-sarcophagus/,online_gallery,https://www.iranicaonline.org/articles/music-history-i-pre-islamic-iran/,,,,
YG-01,Yarghol Lute Player,Yarghol,Tarim_Basin,600-800 CE,Painting,gourd,double,yes,short,parallel,obtuse,straight,yes,4,0,n,FALSE,FALSE,FALSE,YG-01,Ethnologisches Museum Berlin,catalogue,"General Editorial Board of The Great Series of Chinese Musical Artifacts, 1999, pp. 188-189",,,,,,
YK-01,Yotkan Monkey Playing Lute 1,Yotkan,Tarim_Basin,100-300 CE,Figurine,waterdrop,single,no,short,tapering,smooth,straight,n,3,0,n,FALSE,FALSE,FALSE,YK-01,British Museum,online_collection,https://www.britishmuseum.org/collection/object/A_1902-1220-502,literature,"Stein,1907 Vol. 1, pp. 212-213",,,,
YK-02,Yotkan Monkey Playing Lute 2,Yotkan,Tarim_Basin,100-300 CE,Figurine,waterdrop,single,no,short,tapering,smooth,straight,n,4,0,n,FALSE,FALSE,FALSE,YK-02,British Museum,online_collection,https://www.britishmuseum.org/collection/image/1162110001,,,,,,
YK-03,Yotkan Monkey Playing Lute 3,Yotkan,Tarim_Basin,100-300 CE,Figurine,waterdrop,single,no,short,tapering,smooth,straight,n,3,2,ring,FALSE,FALSE,FALSE,YK-03,British Museum,online_collection,https://www.britishmuseum.org/collection/object/A_MAS-113,,,,,,
YK-04,Yotkan Monkey Playing Lute 4,Yotkan,Tarim_Basin,0-700 CE,Figurine,waterdrop,single,no,short,tapering,smooth,straight,yes,4,2,ring,FALSE,FALSE,FALSE,YK-04,British Museum,online_collection,https://www.britishmuseum.org/collection/object/A_1907-1111-30?selectedImageId=1613752095,,,,,,
YK-05,Yotkan Monkey Playing Lute 5,Yotkan,Tarim_Basin,?,Figurine,waterdrop,single,no,short,tapering,smooth,straight,yes,5,0,n,FALSE,FALSE,FALSE,YK-05,"Etnografiska museet, Stockholm",online_collection,https://www.europeana.eu/en/item/91619/SMVK_EM_objekt_1025987?page=1,,,,,,
YK-06,Yotkan Lute Player,Yotkan,Tarim_Basin,300-400 CE,Figurine,round,single,no,short,parallel,obtuse,n,n,5,0,n,FALSE,FALSE,FALSE,YK-06,Ashmolean Museum of Art & Archaeology,online_collection,https://www.ashmolean.org/collections-online#/item/ash-object-356480,,,,,,
YL-01,Yulin 10 Music Scene,Yulin Cave,China,1038-1227 CE,Painting,ovoid,single,no,short,parallel,smooth,bent_backwards,yes,4,2,crescent,FALSE,TRUE,TRUE,YL-01,in_situ,catalogue,"Dunhuang Academy, 2012, p. 62",catalogue,"Gao, 2008, p. 57",,,,
YL-02,Yulin 25 Music Scene,Yulin Cave,China,756-835 CE,Painting,ovoid,single,no,short,parallel,smooth,straight,yes,4,2,crescent,FALSE,TRUE,TRUE,YL-02,in_situ,catalogue,"Dunhuang Academy, 2012, pp. 25-26",,,,,,
YS-01,Yusufzai Lute Player,Yusufzai,Gandhara,0-300 CE,Relief,waterdrop,single,yes,short,parallel,smooth,straight,yes,3,2,crescent,FALSE,FALSE,FALSE,YS-01,Victoria and Albert Museum,online_collection,https://collections.vam.ac.uk/item/O1270758/photograph/,online_gallery,https://commons.wikimedia.org/wiki/File:Man_playing_Lyre_from_Yusufzai_Gandhara.jpg,,,,
ZD-01,Sogdian Tomb Panel,? Zhangdefu,China,550–577 CE,Relief,gourd,double,yes,short,parallel,smooth,straight,yes,5,0,n,FALSE,FALSE,FALSE,ZD-01,Miho Museum,online_collection,https://www.miho.jp/booth/html/artcon/00000432e.htm,catalogue,"Arnold, 1996, pp. 142-145",catalogue,"The World Society for the Study, 2022. pp. 288-289",,
ZL-01,Zhaoling Li Simo Music Scene,Zhaoling,China,647 CE,Painting,waterdrop,single,no,short,tapering,smooth,straight,yes,n,2,crescent,FALSE,FALSE,TRUE,ZL-01,in_situ,catalogue,"Zhang, 2006, p. 18",,,,,,
ZL-02,Zhaoling Yan Concubine Music Scene,Zhaoling,China,671 CE,Painting,ovoid,single,no,short,tapering,smooth,straight,yes,5,2,ring,TRUE,TRUE,FALSE,ZL-02,in_situ,catalogue,"Zhang, 2006, p. 175",,,,,,
